주택구분,분양계획연도,위치,블록,공급유형,세대수,사업주체,입주자모집공고일,입주시기
아파트,2010,2-3생활권,A1,분양,895,"LH+금호,한신",2010-10-29,2011-12-01
아파트,2010,2-3생활권,A2,분양,687,"LH+금호,한신",2010-10-29,2011-12-01
아파트,2011,2-3생활권,A2,10년임대,214,LH+한신,2011-10-07,2012-01-01
아파트,2011,2-3생활권,D,10년임대,446,LH+한신,2011-10-07,2012-01-01
아파트,2011,2-3생활권,B2,분양,1084,"LH+대우,현대",2011-05-20,2012-06-01
아파트,2011,2-3생활권,B3,분양,1164,"LH+대우,현대",2011-05-20,2012-06-01
아파트,2011,2-3생활권,B4,분양,1328,"LH+대우,현대",2011-05-20,2012-06-01
아파트,2011,2-3생활권,B1,10년임대,322,"LH+대우,현대",2011-10-07,2012-06-01
아파트,2011,2-3생활권,B2,10년임대,156,"LH+대우,현대",2011-10-07,2012-06-01
아파트,2011,2-3생활권,B3,10년임대,224,"LH+대우,현대",2011-10-07,2012-06-01
아파트,2011,1-4생활권,M5,영구임대,500,세종시,2010-11-22,2012-10-01
아파트,2011,1-5생활권,L1,분양,511,포스코건설,2011-10-28,2013-07-01
아파트,2011,1-2생활권,L3,분양,622,대우건설,2011-10-07,2013-12-01
아파트,2011,1-5생활권,M1,분양,626,포스코건설,2011-10-28,2013-12-01
아파트,2011,1-3생활권,L3,분양,696,한신공영,2011-12-09,2013-12-01
아파트,2011,1-5생활권,M2,공무원임대,632,공무원연금공단,2011-10-25,2013-12-01
아파트,2011,1-4생활권,M4,분양,732,극동건설,2011-10-21,2014-03-01
아파트,2012,1-4생활권,L2,분양,310,극동건설,2012-02-24,2014-03-01
아파트,2012,1-4생활권,L3,분양,300,극동건설,2012-02-24,2014-03-01
아파트,2012,1-3생활권,M8,분양,955,조합/한신,2012-01-13,2014-04-01
아파트,2012,1-2생활권,M5,공무원임대,600,공무원연금공단,2012-06-12,2014-07-01
아파트,2012,1-2생활권,M6,공무원임대,429,공무원연금공단,2012-06-12,2014-07-01
아파트,2011,1-2생활권,M3,분양,1970,대우건설,2011-10-07,2014-08-01
아파트,2012,1-3생활권,M6,분양,1940,현대엠코,2012-02-03,2014-08-01
아파트,2012,1-2생활권,M8,5년임대,587,영무건설,2012-07-13,2014-10-01
아파트,2012,1-4생활권,M2,5년임대,965,중흥건설,2012-02-24,2014-10-01
아파트,2015,1-3생활권,M7,5년임대,254,세경건설,2015-07-17,2015-10-01
아파트,2016,1-3생활권,M2,5년임대,310,세경건설,2016-08-18,2016-10-01
도시형,2012,2-4생활권,CB1-1,분양,138,비에스개발-퍼스트타워,2012-10-19,2013-11-01
도시형,2012,1-5생활권,C3-2,분양,299,계룡건설-리슈빌S,2012-06-07,2014-05-01
아파트,2012,1-2생활권,M7,분양,520,한양,2012-03-30,2014-07-01
아파트,2012,1-4생활권,M10,영구임대,400,행정중심복합도시건설청,2013-02-20,2014-07-01
아파트,2012,1-3생활권,L4,분양,436,제일건설,2012-08-24,2014-08-01
아파트,2012,1-4생활권,L4,분양,190,모아주택,2012-08-16,2014-09-01
아파트,2012,1-3생활권,M3,분양,866,중흥건설,2012-02-24,2014-10-01
아파트,2012,1-4생활권,M3,분양,718,한양,2012-03-30,2014-10-01
도시형,2012,1-5생활권,C20-3,분양,288,우석건설-호수의아침,2012-08-20,2014-10-01
아파트,2012,1-4생활권,M6,분양,678,호반건설,2012-04-25,2014-11-01
아파트,2012,1-2생활권,L2,분양,470,호반건설,2012-05-25,2014-11-01
아파트,2012,1-3생활권,L2,분양,557,호반건설,2012-10-27,2014-11-01
아파트,2012,1-1생활권,L8,분양,424,호반건설,2012-11-30,2014-11-01
아파트,2012,1-4생활권,M7,분양,876,현대건설,2012-06-29,2014-12-01
아파트,2013,1-1생활권,M10,분양,982,LH,2013-06-28,2015-01-01
아파트,2012,1-3생활권,M4,분양,1371,중흥건설,2012-04-20,2015-02-01
아파트,2012,1-2생활권,L4,분양,452,중흥건설,2012-08-24,2015-02-01
아파트,2012,1-3생활권,L1,분양,559,중흥건설,2012-08-24,2015-02-01
아파트,2012,1-1생활권,M3,분양,463,한양,2012-10-19,2015-02-01
아파트,2012,1-4생활권,M1,분양,403,모아주택,2012-08-16,2015-02-01
아파트,2012,1-2생활권,M2,분양,687,한신공영,2012-09-14,2015-04-01
아파트,2012,1-4생활권,M9,분양,979,한림건설,2012-11-09,2015-04-01
아파트,2012,1-4생활권,L5,분양,144,모아건설,2012-11-09,2015-06-01
아파트,2012,1-4생활권,L6,분양,186,모아건설,2012-11-09,2015-06-01
아파트,2012,1-4생활권,L7,분양,240,모아건설,2012-11-09,2015-06-01
아파트,2012,1-4생활권,L8,분양,153,모아건설,2012-11-09,2015-06-01
아파트,2012,1-4생활권,M8,분양,700,제일건설,2012-11-30,2015-06-01
아파트,2013,1-1생활권,M4,분양,688,호반건설,2013-01-18,2015-06-01
아파트,2013,1-3생활권,M1,분양,1623,LH,2013-06-28,2015-08-01
아파트,2012,1-1생활권,M9,분양,663,유승종합,2012-09-14,2015-10-01
아파트,2013,1-1생활권,M1,분양,440,중흥건설,2013-02-22,2015-10-01
아파트,2013,1-2생활권,M1,분양,852,중흥건설,2013-02-22,2015-12-01
아파트,2013,1-4생활권,L1,분양,159,이지건설,2013-05-10,2014-11-01
아파트,2013,1-1생활권,L7,분양,305,이지건설,2013-05-10,2014-11-01
도시형,2013,1-4생활권,C6-1～4,분양,581,행복도시2상가개발-프라이빗시티,2013-03-01,2014-11-01
도시형,2013,2-4생활권,CB1-3,분양,140,에스알토건-에스알파크,2013-07-10,2014-11-01
도시형,2013,2-4생활권,CB1-4,분양,120,상산(우빈)-우빈가온,2013-11-07,2015-01-01
아파트,2013,1-1생활권,L6,분양,538,신동아,2013-04-12,2015-03-01
도시형,2013,2-4생활권,CB10-3,분양,180,하나다올신탁(다우)-갤러리밸류씨티,2013-11-11,2015-03-01
아파트,2013,1-4생활권,M11,통합관사,350,기재부,2013-02-23,2015-05-01
아파트,2013,1-1생활권,L5,분양,900,이지건설,2013-10-04,2015-06-01
도시형,2013,1-5생활권,C37-2,분양,289,영토(나성)-모닝씨티,2013-11-11,2015-06-01
아파트,2013,1-1생활권,M2,분양,406,모아건설,2013-03-01,2015-08-01
아파트,2013,1-1생활권,L4,분양,365,중흥건설,2013-04-26,2015-08-01
아파트,2013,1-1생활권,L3,분양,508,골드클래스,2013-06-21,2015-09-01
아파트,2013,1-2생활권,M4,분양,818,한양,2013-05-24,2015-10-01
도시형,2013,2-4생활권,"CB4-1, 2",분양,156,더리치(우석건설)-세종의아침,2013-08-25,2015-11-01
아파트,2013,1-1생활권,M11,5년임대,572,중흥건설,2013-03-29,2015-12-01
아파트,2013,1-1생활권,M12,5년임대,887,중흥건설,2013-03-29,2015-12-01
아파트,2013,1-1생활권,M5,분양,490,대광건설,2013-06-14,2015-12-01
아파트,2013,1-1생활권,M7,분양,607,중흥건설,2013-06-14,2016-02-01
아파트,2014,3-2생활권,M5,10년임대,773,한양,2014-04-09,2016-04-01
아파트,2014,3-3생활권,M4,10년임대,1397,한양,2014-04-09,2016-05-01
아파트,2013,3-3생활권,M3,분양,1211,모아건설,2013-11-22,2016-08-01
아파트,2013,3-3생활권,M1,분양,946,중흥건설,2013-11-22,2016-09-01
도시형,2014,2-4생활권,CB5-4,분양,173,리베라종합건설-리베라아이누리,2014-02-14,2015-04-01
도시형,2014,2-4생활권,CB12-4,분양,150,이종범외 2인-블루지움,2014-01-23,2015-05-01
도시형,2014,2-4생활권,CB9-4,분양,164,동천월-세진타워팰리스,2014-02-21,2015-08-01
도시형,2014,2-4생활권,CB5-1,분양,145,한스웰시티-한스웰시티,2014-04-02,2015-08-01
도시형,2014,2-4생활권,CB5-3,분양,174,에이플러스세종-세종마루,2014-08-26,2015-10-01
도시형,2014,1-4생활권,C2-2,분양,80,코람코자산신탁-까사누보,2014-05-02,2016-01-01
도시형,2014,1-4생활권,C4-2,분양,175,코람코자산신탁-까사리움,2014-05-02,2016-01-01
도시형,2014,2-4생활권,CB11-1,분양,216,세종비케이개발-모닝시티Ⅱ,2014-06-11,2016-02-01
도시형,2014,3-2생활권,C2-4,분양,131,비에스산업개발-스타힐타워Ⅱ,2014-06-03,2016-03-01
도시형,2014,3-2생활권,C2-3,분양,135,에스제이도시개발-스타힐타워Ⅰ,2014-06-05,2016-03-01
아파트,2015,1-3생활권,M5,국민임대,1684,LH,2015-09-18,2016-11-01
아파트,2014,3-2생활권,M4,분양,656,중흥건설,2014-04-18,2016-12-01
아파트,2014,3-2생활권,M6,분양,900,중흥건설,2014-06-27,2017-03-01
아파트,2014,1-4생활권,H1,분양,580,반도건설,2014-06-27,2017-03-01
아파트,2014,3-2생활권,L1,분양,649,이지건설,2014-11-21,2017-03-01
아파트,2014,3-3생활권,L2,분양,760,한양,2014-12-11,2017-03-01
아파트,2014,2-2생활권,M1,분양,1267,롯데신동아,2014-09-19,2017-04-01
아파트,2014,2-2생활권,L1,분양,677,롯데신동아,2014-09-19,2017-04-01
아파트,2014,2-2생활권,L2,분양,696,대우 외 3개사,2014-10-10,2017-04-01
아파트,2014,2-2생활권,L3,분양,393,대우 외 3개사,2014-10-10,2017-04-01
아파트,2014,2-2생활권,M6,분양,1077,대우 외 3개사,2014-10-10,2017-04-01
아파트,2014,2-2생활권,M7,분양,1005,대우 외 3개사,2014-10-10,2017-04-01
아파트,2014,2-2생활권,M3,분양,1027,현대포스코,2014-10-24,2017-04-01
아파트,2014,2-2생활권,M4,분양,445,현대포스코,2014-10-24,2017-04-01
아파트,2014,2-2생활권,M5,분양,222,현대포스코,2014-10-24,2017-04-01
아파트,2014,2-2생활권,M9,분양,200,금성백조,2014-08-22,2017-05-01
아파트,2014,2-2생활권,M10,분양,472,금성백조,2014-08-22,2017-05-01
아파트,2015,3-2생활권,L2,분양,510,제일건설,2015-03-19,2017-07-01
아파트,2016,3-3생활권,M6,분양,1522,LH,2016-05-12,2017-10-01
도시형,2015,2-4생활권,CB9-3,분양,204,디에스글로벌-세종포레뷰,2015-03-30,2016-08-01
도시형,2015,3-3생활권,C13-2,분양,27,왕관_퍼스트시티,2015-10-05,2016-10-01
도시형,2015,2-4생활권,CB10-2,분양,166,우석디앤씨-행복의아침,2015-05-15,2016-11-01
아파트,2015,2-2생활권,M2,10년임대,1164,LH,2015-05-29,2017-09-01
아파트,2015,3-2생활권,M3,분양,1002,대방건설,2015-04-16,2017-10-01
도시형,2015,2-4생활권,"CB13-1, 2",분양,299,에스알토건-세종SR파크시티,2015-11-24,2017-10-01
아파트,2015,3-2생활권,L3,분양,498,모아,2015-08-20,2017-11-01
아파트,2015,3-1생활권,L3,분양,366,우남,2015-08-20,2017-12-01
아파트,2015,2-1생활권,L2,분양,370,중흥,2015-06-26,2018-01-01
아파트,2015,3-1생활권,M3,분양,363,신동아,2015-07-23,2018-01-01
아파트,2015,3-1생활권,M2,분양,331,근화,2015-08-27,2018-02-01
아파트,2015,2-1생활권,L3,분양,319,포스코 외1,2015-09-03,2018-02-01
아파트,2015,2-1생활권,L4,분양,765,포스코 외1,2015-09-03,2018-02-01
아파트,2015,2-1생활권,M1,분양,1655,한신제일,2015-06-25,2018-03-01
아파트,2015,2-1생활권,L1,분양,855,제일건설,2015-06-25,2018-03-01
아파트,2015,2-1생활권,M4,분양,1631,현대 외1,2015-08-27,2018-03-01
아파트,2015,2-1생활권,M2,분양,1076,중흥,2015-06-26,2018-04-01
아파트,2015,2-1생활권,M7,분양,333,포스코 외1,2015-09-03,2018-04-01
아파트,2015,3-1생활권,M4,분양,849,대림,2015-12-03,2018-06-01
아파트,2015,3-1생활권,M6,분양,1015,중흥,2015-10-30,2018-08-01
도시형,2016,2-4생활권,CB12-2,분양,162,에이플러스세종-세종마루Ⅱ,2016-03-31,2017-08-01
도시형,2016,3-3생활권,C13-3,분양,49,비에스종합건설_펠리체타워2,,2017-09-01
도시형,2016,2-4생활권,CB9-2,분양,202,디에스글로벌-포레뷰 시즌2,2016-08-31,2017-10-01
아파트,2016,2-2생활권,M8,국민임대,906,LH,2016-09-30,2018-02-01
아파트,2016,1-1생활권,L2,분양,667,현엔,2016-04-06,2018-05-01
도시형,2018,3-3생활권,C12-1,분양,37,인벤테라도시개발-탑인프라_아이콤스타시티타워,2018-05-24,2018-06-01
아파트,2016,3-3생활권,L3,분양,890,중흥,2016-04-07,2018-08-01
아파트,2017,3-2생활권,M2,국민임대,674,LH,2017-08-09,2018-08-01
아파트,2016,1-1생활권,L9,분양,555,원건설,2016-09-22,2018-11-01
아파트,2016,4-1생활권,L3,10년임대,362,"계룡,보성",2016-11-03,2018-12-01
아파트,2016,3-1생활권,M5,10년임대,1438,LH,2016-10-12,2019-01-01
아파트,2016,2-1생활권,H1,분양,190,대우건설,2016-08-25,2019-01-01
아파트,2016,1-1생활권,L1,분양,998,라인건설,2016-09-22,2019-01-01
아파트,2016,1-1생활권,L10,분양,345,원건설,2016-12-01,2019-01-01
아파트,2016,4-1생활권,L2,분양,592,"롯데,신동아",2016-10-27,2019-02-01
아파트,2016,3-2생활권,M1,분양,713,조합-신동아,2016-07-01,2019-03-01
아파트,2016,4-1생활권,M2,분양,784,"계룡,보성",2016-09-29,2019-05-01
아파트,2016,2-2생활권,H1,분양,386,부원 외1,2016-06-23,2019-06-01
아파트,2016,4-1생활권,L4,분양,812,"포스코,금성백조",2016-12-08,2019-06-01
아파트,2016,2-1생활권,M5,분양,1258,LH+민간(대림),2016-12-14,2019-06-01
아파트,2017,2-1생활권,M3,10년임대,1080,LH,2017-08-23,2019-07-01
아파트,2016,4-1생활권,M1,분양,1111,"롯데,신동아",2016-10-27,2019-08-01
아파트,2016,4-1생활권,M3,분양,1092,"포스코,금성백조",2016-12-08,2019-09-01
아파트,2016,3-2생활권,H1,분양,548,대방,2016-09-29,2019-10-01
도시형,2017,4-1생활권,"C1-4, 5",분양,70,엠케이 외 2_더스테이,,2018-09-01
도시형,2017,4-1생활권,C2-2,분양,128,앤트산업개발-씨즈 파크뷰,2017-07-03,2019-01-01
도시형,2017,2-4생활권,"CB14-1, 2",분양,295,드림디엔씨 외 1-도시형,2017-08-18,2019-09-01
아파트,2017,1-1생활권,M6,분양,290,우남건설,2017-08-24,2020-03-01
아파트,2018,6-4생활권,L1,분양,1990,현대건설 외 2,2018-04-06,2020-09-01
아파트,2018,6-4생활권,M1,분양,1110,현대건설 외 2,2018-04-06,2020-09-01
아파트,2018,2-1생활권,M6,국민임대,1538,LH,2018-12-27,2020-11-01
아파트,2017,3-3생활권,H3,분양,330,금강타워,2017-04-20,2020-11-01
아파트,2017,3-3생활권,H4,분양,342,금강타워,2017-04-20,2020-11-01
아파트,2017,2-4생활권,HC3,분양,343,한화건설 외 2,2017-12-06,2021-02-01
아파트,2017,2-4생활권,HO3,분양,845,한화건설 외 2,2017-12-06,2021-06-01
아파트,2017,2-4생활권,HO1,분양,661,한신공영,2017-12-14,2021-08-01
아파트,2017,2-4생활권,HO2,분양,370,한신공영,2017-12-14,2021-08-01
아파트,2017,1-5생활권,H9,분양,576,중봉건설,2017-12-14,2021-10-01
도시형,2018,4-1생활권,"C1-2,3",분양,170,케이비부동산신탁(주)-세종펠리스,2018-06-27,2020-02-01
아파트,2018,2-4생활권,HC1,분양,528,부원건설,2018-02-01,2021-03-01
아파트,2020,4-2생활권,M2,행복주택,1500,LH,2020-08-27,2021-03-01
아파트,2018,2-4생활권,HC2,분양,771,제일건설,2018-04-09,2021-09-01
아파트,2018,1-5생활권,H5,분양,596,한신공영,2018-12-14,2022-04-01
아파트,2019,4-2생활권,L4,분양,1200,LH(GS·대림),2019-05-24,2021-10-01
아파트,2019,4-2생활권,M1,분양,612,LH(금호·신동아),2019-05-24,2021-11-01
아파트,2019,4-2생활권,M4,분양,598,LH(금호·신동아),2019-05-24,2021-11-01
아파트,2019,4-2생활권,L1,분양,338,LH(한신·금성백조),2019-05-24,2021-11-01
아파트,2019,4-2생활권,L2,분양,508,LH(한신·금성백조),2019-05-24,2021-11-01
아파트,2019,4-2생활권,L3,분양,318,LH(코오롱·동부),2019-07-11,2021-11-01
아파트,2020,3-3생활권,M2,국민임대,1100,LH,2020-12-31,2022-02-01
아파트,2019,4-2생활권,M5,분양,499,LH(코오롱·동부),2019-07-11,2022-04-01
아파트,2019,4-2생활권,M3,분양,398,LH,2019-12-31,2022-08-01
아파트,2021,4-2생활권,M3,행복주택,199,LH,2021-06-25,2022-08-01
아파트,2019,1-5생활권,H6,분양,465,우미건설,2019-05-09,2022-11-01
아파트,2021,4-1생활권,M4,국민임대,1032,LH,2022-02-28,2023-02-01
도시형,2020,6-4생활권,B1,분양,127,하나자산신탁,2020-12-01,2022-09-21
아파트,2022,4-1생활권,H1,공공지원 민간임대,210,계룡건설 컨소,2022-08-12,2022-12-01
아파트,2022,4-1생활권,H2,공공지원 민간임대,326,계룡건설 컨소,2022-07-15,2022-12-01
아파트,2020,1-1생활권,M8,분양,458,한림건설,2020-10-23,2023-09-01
도시형,2022,6-4생활권,UR2,행복주택,609,LH,2022-03-31,2023-09-01
도시형,2022,1-1생활권,"B10, B11",공공지원 민간임대,78,(주)제로에너지임대리츠2호위탁관리부동산투자회사,2022-06-30,2022-09-01
도시형,2021,6-4생활권,UR1-1,분양,166,더파트너스,2021-08-17,2023-12-01
도시형,2021,6-4생활권,UR1-2,분양,163,더시티,2021-08-17,2023-12-01
아파트,2021,6-3생활권,M2,분양,995,LH,2021-11-25,2023-12-01
아파트,2021,6-3생활권,H2,분양,770,금호·신동아건설,2021-01-22,2024-01-01
아파트,2021,6-3생활권,H3,분양,580,금호·신동아건설,2021-01-22,2024-01-01
아파트,2021,6-3생활권,L1,분양,1350,GS·태영·한신,2021-07-16,2024-07-01
아파트,2022,6-3생활권,M4,통합공공임대,159,LH+계룡건설,2022-02-22,2025-01-01
아파트,2022,6-3생활권,M4,분양,876,LH+계룡건설,2022-02-22,2025-01-01
아파트,2024,4-2생활권,H3,분양,301,금강종합건설,2024-04-01,2026-07-01
도시형,2024,6-3생활권,UR1,통합공공임대,200,LH,2024-07-01,2025-03-01
도시형,2024,6-3생활권,UR2,통합공공임대,216,LH,2024-07-01,2025-03-01
아파트,2024,6-3생활권,M1,행복주택,238,LH,미정,2025-10-01
아파트,2024,5-1生,L1,공공분양,656,LH,미정,미정
아파트,2024,5-1生,L9,민간분양,421,계룡,미정,미정
아파트,2024,5-1生,L12,민간분양,690,양우,미정,미정
아파트,2024,5-1生,L5,통합공공임대,1327,LH,미정,미정
아파트,2024,6-3生,L2,통합공공임대,500,LH,미정,미정
아파트,2024,6-3生,M3,공공지원 민간임대,1110,우미건설,미정,미정
아파트,2025,5-1生,L9,민간분양,424,계룡건설,미정,미정
아파트,2025,5-1生,L1,공공분양,656,LH,미정,미정
아파트,2025,5-2生,L2,통합공공임대,616,LH,미정,미정
아파트,2025,5-2生,L3,통합공공임대,619,LH,미정,미정
아파트,2025,6-3生,M3,공공지원 민간임대,"1,110",우미건설,미정,미정
아파트,2026,5-1生,L6,민간분양,820,세종 스마트시티,미정,미정
아파트,2026,5-1生,L7,민간분양,648,세종 스마트시티,미정,미정
아파트,2026,5-1生,L8,민간분양,218,세종 스마트시티,미정,미정
아파트,2026,5-1生,L11,민간분양,507,세종 스마트시티,미정,미정
아파트,2026,5-2生,S1,민간분양,676,세종에스원피에프브이,미정,미정
아파트,2026,5-2生,M3,민간분양,499,세종행복제일차피에프브이,미정,미정
아파트,2026,5-2生,M4,민간분양,196,세종행복제일차피에프브이,미정,미정
아파트,2026,5-2生,M5,민간분양,491,세종행복제일차피에프브이,미정,미정
아파트,2026,5-2生,L4,민간분양,170,세종행복제일차피에프브이,미정,미정
